-- MySQL dump 10.16  Distrib 10.1.16-MariaDB, for Win32 (AMD64)
--
-- Host: localhost    Database: sminmobiliaria
-- ------------------------------------------------------
-- Server version	10.1.16-MariaDB

/*!40101 SET @OLD_CHARACTER_SET_CLIENT=@@CHARACTER_SET_CLIENT */;
/*!40101 SET @OLD_CHARACTER_SET_RESULTS=@@CHARACTER_SET_RESULTS */;
/*!40101 SET @OLD_COLLATION_CONNECTION=@@COLLATION_CONNECTION */;
/*!40101 SET NAMES utf8 */;
/*!40103 SET @OLD_TIME_ZONE=@@TIME_ZONE */;
/*!40103 SET TIME_ZONE='+00:00' */;
/*!40014 SET @OLD_UNIQUE_CHECKS=@@UNIQUE_CHECKS, UNIQUE_CHECKS=0 */;
/*!40014 SET @OLD_FOREIGN_KEY_CHECKS=@@FOREIGN_KEY_CHECKS, FOREIGN_KEY_CHECKS=0 */;
/*!40101 SET @OLD_SQL_MODE=@@SQL_MODE, SQL_MODE='NO_AUTO_VALUE_ON_ZERO' */;
/*!40111 SET @OLD_SQL_NOTES=@@SQL_NOTES, SQL_NOTES=0 */;

--
-- Table structure for table `cliente`
--

DROP TABLE IF EXISTS `cliente`;
/*!40101 SET @saved_cs_client     = @@character_set_client */;
/*!40101 SET character_set_client = utf8 */;
CREATE TABLE `cliente` (
  `idCliente` int(5) NOT NULL,
  `nombre` varchar(50) NOT NULL,
  `apellido` varchar(50) NOT NULL,
  `apellidoMaterno` varchar(50) NOT NULL,
  `dni` int(10) NOT NULL,
  `cuit` int(12) DEFAULT NULL,
  `correo` varchar(50) NOT NULL,
  `telefono` int(20) DEFAULT NULL,
  `fechaNacimiento` varchar(10) NOT NULL,
  `estadoCivil` varchar(20) NOT NULL,
  `profesion` varchar(30) NOT NULL,
  `domicilio` varchar(30) NOT NULL,
  `ciudad` varchar(30) NOT NULL,
  `provincia` varchar(30) NOT NULL,
  `dgi` varchar(30) NOT NULL,
  `celular` int(20) DEFAULT NULL,
  `tipo` varchar(20) NOT NULL,
  `habilitado` tinyint(1) NOT NULL DEFAULT '1',
  PRIMARY KEY (`idCliente`)
) ENGINE=InnoDB DEFAULT CHARSET=latin1;
/*!40101 SET character_set_client = @saved_cs_client */;

--
-- Dumping data for table `cliente`
--

LOCK TABLES `cliente` WRITE;
/*!40000 ALTER TABLE `cliente` DISABLE KEYS */;
INSERT INTO `cliente` VALUES (3,'Agustin','Lopez','',36521448,0,'',213,'15/0/1992','Soltero','','Guemes 568','Santa Fe','Santa Fe','Consumidor Final',0,'Garante',1),(4,'Ruben','Lopez','',25444784,0,'',0,'15/7/1998','Casado','','Guemes 886','Santa Fe','Santa Fe','Consumidor Final',0,'Garante',1),(5,'Fernando','Mensching ','Silvestre',35787954,64564589,'asdasgasg',123216544,'17/4/1993','Soltero','Cajero Alevar','San Martin 1880','Tostado','Santa Fe','Consumidor Final',21321654,'Propietario',1),(6,'Nahuel','Oggioni','Bonino',37404941,321565465,'bgasofasfh',12313121,'26/4/1994','Soltero','Travesti','San Martin 1660','Tostado','Santa Fe','Consumidor Final',12312315,'Inquilino',1),(7,'Hernan','Mensching','Silvestre',38774567,0,'',0,'15/6/1995','Soltero','','San Martin 1880','Tostado','Santa Fe','Consumidor Final',0,'Propietario',1),(8,'Pepito','Perez','Juarez',210215215,0,'',0,'15/7/1985','Casado','','Catamarca 2577','Tostado','Santa Fe','Consumidor Final',0,'Propietario',1),(19,'Federico','Anselmo','',385654,0,'',0,'15/7/1994','','','CasiGol','Tostado','Santa Fe','Consumidor Final',0,'Propietario',1),(20,'Paolo','Marini','',511225442,0,'',0,'25/7/1989','','','Junin 1244','Tostado','Santa Fe','Consumidor Final',0,'Garante',1),(21,'Candela','Oggioni','',40255789,0,'',0,'24/5/1998','','','jose hernadnez 1112','Sarmiento','Santa Fe','Consumidor Final',0,'Propietario',1),(22,'Lucas','Barzaghi','',34545644,0,'',0,'12/7/1996','Soltero','','Jose Lamy 1554','Progreso','Santa Fe','Consumidor Final',0,'Inquilino',1),(23,'Gustavo','Derrier','',25874196,0,'',0,'15/8/265','Casado','','Icop Aula 22','Santa Fe','Santa Fe','Consumidor Final',0,'Inquilino',1),(24,'Ronald','Quinteros','',4246789,0,'',0,'15/6/1980','','','Crespo 1667','Santa Fe','Santa Fe','Consumidor Final',0,'Propietario',1),(25,'Maxilimiliano','Lugo','',644521666,0,'',0,'14/9/1982','','','Saavedra 1887','Tostado','Santa Fe','Consumidor Final',0,'Inquilino',1),(26,'Robertino','Insua','Lopez',5156156,0,'',0,'8/10/198','','','Belgrano 1554','Santa Fe','Santa Fe','Consumidor Final',0,'Garante',1),(27,'Kampmann','Doris','',18520258,0,'',0,'1/1/1966','Casada','','Guemes','Santa Fe','Santa Fe','Consumidor Final',0,'Garante',1),(28,'Nereo','Fernandez','',365852012,0,'',0,'18/5/1961','','','Salta 4585','Santa Fe','Santa Fe','Consumidor Final',0,'Garante',1),(29,'Diego','Villar','Pipa',25485632,0,'',0,'25/1/1965','Casado','','San martin 4587','Santa Fe','Santa Fe','Consumidor Final',0,'Garante',1),(30,'Mauro','Pitton','',45612895,0,'',0,'15/8/1994','','','lamadri','Santa Fe','Santa Fe','Consumidor Final',0,'Garante',1),(32,'Juan Roman ','Riquelme','Dios',15245587,0,'',0,'15/8/1978','','','Magica 1548','Don Torcuato','Buenos Aires','Consumidor Final',0,'Garante',1),(33,'Homero','Simpson','',89898989,0,'',0,'1/6/2000','','','','Tostado','Santa Fe','Consumidor Final',0,'Propietario',1);
/*!40000 ALTER TABLE `cliente` ENABLE KEYS */;
UNLOCK TABLES;

--
-- Table structure for table `contrato`
--

DROP TABLE IF EXISTS `contrato`;
/*!40101 SET @saved_cs_client     = @@character_set_client */;
/*!40101 SET character_set_client = utf8 */;
CREATE TABLE `contrato` (
  `idContrato` int(5) NOT NULL,
  `idInmueble` int(5) NOT NULL,
  `idInquilino` int(5) NOT NULL,
  `idGarante` int(5) NOT NULL,
  `idGarante2` int(5) NOT NULL,
  `fechaComienzo` varchar(10) NOT NULL,
  `fechaVencimiento` varchar(10) NOT NULL,
  `cuota` int(4) NOT NULL,
  `cuotaActual` int(11) NOT NULL,
  `estado` varchar(20) NOT NULL,
  `garantia` int(15) NOT NULL,
  `cuotasGarantia` int(10) NOT NULL,
  `punitorios` double NOT NULL,
  `comicion` double NOT NULL,
  `diadePago` int(2) NOT NULL,
  PRIMARY KEY (`idContrato`)
) ENGINE=InnoDB DEFAULT CHARSET=latin1;
/*!40101 SET character_set_client = @saved_cs_client */;

--
-- Dumping data for table `contrato`
--

LOCK TABLES `contrato` WRITE;
/*!40000 ALTER TABLE `contrato` DISABLE KEYS */;
INSERT INTO `contrato` VALUES (1,1,2,3,4,'fecha comi','FV',12,1,'Activo',1000,5,0.5,0.3,10),(2,1,6,4,3,'1/5/2017','1/5/2018',12,3,'Activo',800,4,0.003,0.05,10),(3,2,6,3,4,'1/5/2017','1/5/2018',12,1,'Finalizado',100,1,0.003,0.05,15),(4,2,6,3,4,'5/5/2017','5/5/2018',12,13,'Finalizado',100,1,0.003,0.05,15),(5,1,6,3,4,'5/5/2017','5/5/2018',12,2,'Activo',0,1,0.003,0.05,15),(6,1,6,4,3,'1/5/2017','1/5/2018',12,12,'Activo',500,2,0.003,0.05,15),(7,2,6,4,3,'1/4/2017','1/4/2018',12,5,'Activo',500,1,0.003,0.05,10),(8,3,6,3,4,'1/5/2017','1/5/2018',12,4,'Activo',100,1,0.003,0.05,10),(9,3,6,4,3,'1/5/2017','1/5/2018',12,1,'Activo',0,1,0.003,0.05,10),(10,2,6,3,4,'1/5/2017','1/5/2018',12,2,'Activo',100,1,0.003,0.05,10),(11,1,6,3,4,'1/5/2017','1/5/2018',12,3,'Activo',0,1,0.003,0.05,15),(12,3,6,4,3,'1/4/2017','1/4/2018',12,2,'Activo',0,1,0.003,0.05,10),(13,2,6,3,4,'1/5/2017','31/5/2017',0,1,'Finalizado',0,1,0.003,0.05,10),(14,1,6,3,4,'1/5/2017','1/5/2019',24,1,'Activo',2000,3,0.003,0.05,10),(15,1,6,3,4,'1/5/2017','1/5/2019',24,1,'Finalizado',800,2,0.003,0.05,15),(16,2,6,4,3,'1/5/2017','1/5/2019',24,1,'Activo',200,2,0.003,0.05,10),(17,3,6,3,4,'1/5/2017','1/4/2019',23,2,'Activo',0,1,0.003,0.05,12),(18,1,6,3,4,'1/5/2017','1/5/2018',12,2,'Activo',0,1,0.003,0.05,10),(19,3,6,3,4,'1/5/2017','1/5/2018',12,2,'Activo',0,1,0.003,0.05,10),(20,2,6,3,4,'1/5/2017','1/5/2018',12,1,'Activo',0,1,0.003,0.05,12),(21,9,6,3,4,'1/4/2017','22/6/2017',2,1,'Finalizado',1,1,0.003,0.05,10),(22,5,6,3,4,'1/4/2017','1/4/2018',12,3,'Activo',5,5,0.003,0.05,10),(23,10,6,3,4,'1/6/2017','1/6/2018',12,2,'Finalizado',500,1,0.003,0.05,10),(24,10,6,3,4,'1/6/2017','1/6/2018',12,1,'Activo',1,1,0.003,0.05,10),(25,16,25,28,26,'1/6/2017','1/6/2018',12,1,'Activo',1,1,0.003,0.05,10),(26,14,25,20,29,'1/6/2017','1/6/2018',12,1,'Activo',1,1,0.003,0.05,10),(27,17,23,27,30,'1/6/2017','1/6/2018',12,1,'Activo',1,1,0.003,0.05,10),(28,2,23,29,27,'1/6/2017','1/6/2018',12,1,'Activo',1,1,0.003,0.05,10),(29,2,6,3,2,'1/6/2017','1/6/2018',12,1,'Activo',1,1,0.003,0.05,10),(30,11,23,30,32,'1/6/2017','1/6/2018',12,1,'Activo',1,1,0.003,0.05,5),(31,2,6,3,4,'1/6/2017','1/6/2018',12,1,'Activo',1,1,0.003,0.05,5),(32,14,6,3,4,'1/6/2016','1/6/2018',24,1,'Activo',1,1,0.003,0.05,10),(33,13,25,32,27,'1/6/2016','1/6/2017',12,2,'Finalizado',1,1,0.003,0.05,5),(34,9,25,3,4,'1/6/2017','1/6/2018',12,1,'Activo',1,1,0.003,0.05,5);
/*!40000 ALTER TABLE `contrato` ENABLE KEYS */;
UNLOCK TABLES;

--
-- Table structure for table `contratocuota`
--

DROP TABLE IF EXISTS `contratocuota`;
/*!40101 SET @saved_cs_client     = @@character_set_client */;
/*!40101 SET character_set_client = utf8 */;
CREATE TABLE `contratocuota` (
  `idContrato` int(5) NOT NULL,
  `nroCuota` int(10) NOT NULL,
  `totalImpuestos` double(10,2) NOT NULL,
  `valorCuota` int(20) NOT NULL,
  `montoTotal` double(10,2) NOT NULL,
  `punitorios` double(10,2) NOT NULL,
  `comicion` double(10,2) NOT NULL,
  `valorGarantia` double(10,2) NOT NULL,
  `totalPagado` double(10,2) NOT NULL,
  `descuento` double(10,2) NOT NULL
) ENGINE=InnoDB DEFAULT CHARSET=latin1;
/*!40101 SET character_set_client = @saved_cs_client */;

--
-- Dumping data for table `contratocuota`
--

LOCK TABLES `contratocuota` WRITE;
/*!40000 ALTER TABLE `contratocuota` DISABLE KEYS */;
INSERT INTO `contratocuota` VALUES (2,1,2100.00,2000,2100.00,0.00,100.00,200.00,2000.00,200.00),(2,2,340.00,2000,442.00,0.00,100.00,200.00,2000.00,98.00),(2,3,0.00,2000,2200.00,0.00,100.00,200.00,200.00,0.00),(2,4,1499.00,2000,3699.00,0.00,100.00,200.00,0.00,0.00),(2,5,0.00,2000,2000.00,0.00,100.00,0.00,0.00,0.00),(2,6,0.00,2000,2000.00,0.00,100.00,0.00,0.00,0.00),(2,7,0.00,2000,2000.00,0.00,100.00,0.00,0.00,0.00),(2,8,0.00,2000,2000.00,0.00,100.00,0.00,0.00,0.00),(2,9,0.00,2000,2000.00,0.00,100.00,0.00,0.00,0.00),(2,10,0.00,2000,2000.00,0.00,100.00,0.00,0.00,0.00),(2,11,0.00,2000,2000.00,0.00,100.00,0.00,0.00,0.00),(2,12,60.00,2000,2000.00,0.00,100.00,0.00,0.00,0.00),(3,1,500.00,2500,3100.00,0.00,125.00,100.00,600.00,0.00),(3,2,0.00,2500,2500.00,0.00,125.00,0.00,0.00,0.00),(3,3,0.00,2500,2500.00,0.00,125.00,0.00,0.00,0.00),(3,4,0.00,2500,2500.00,0.00,125.00,0.00,0.00,0.00),(3,5,0.00,2500,2500.00,0.00,125.00,0.00,0.00,0.00),(3,6,0.00,2500,2500.00,0.00,125.00,0.00,0.00,0.00),(3,7,0.00,2500,2500.00,0.00,125.00,0.00,0.00,0.00),(3,8,0.00,2500,2500.00,0.00,125.00,0.00,0.00,0.00),(3,9,0.00,2500,2500.00,0.00,125.00,0.00,0.00,0.00),(3,10,0.00,2500,2500.00,0.00,125.00,0.00,0.00,0.00),(3,11,0.00,2500,2500.00,0.00,125.00,0.00,0.00,0.00),(3,12,0.00,2500,2500.00,0.00,125.00,0.00,0.00,0.00),(3,1,500.00,2500,3100.00,0.00,125.00,100.00,600.00,0.00),(3,2,0.00,2500,2500.00,0.00,125.00,0.00,0.00,0.00),(3,3,0.00,2500,2500.00,0.00,125.00,0.00,0.00,0.00),(3,4,0.00,2500,2500.00,0.00,125.00,0.00,0.00,0.00),(3,5,0.00,2500,2500.00,0.00,125.00,0.00,0.00,0.00),(3,6,0.00,2500,2500.00,0.00,125.00,0.00,0.00,0.00),(3,7,0.00,2500,2500.00,0.00,125.00,0.00,0.00,0.00),(3,8,0.00,2500,2500.00,0.00,125.00,0.00,0.00,0.00),(3,9,0.00,2500,2500.00,0.00,125.00,0.00,0.00,0.00),(3,10,0.00,2500,2500.00,0.00,125.00,0.00,0.00,0.00),(3,11,0.00,2500,2500.00,0.00,125.00,0.00,0.00,0.00),(3,12,0.00,2500,2500.00,0.00,125.00,0.00,0.00,0.00),(4,1,320.00,2580,0.00,0.00,129.00,100.00,3000.00,0.00),(4,2,0.00,2580,0.00,0.00,129.00,0.00,2580.00,0.00),(4,3,0.00,2580,0.00,0.00,129.00,0.00,2580.00,0.00),(4,4,0.00,2580,0.00,0.00,129.00,0.00,2580.00,0.00),(4,5,0.00,2580,0.00,0.00,129.00,0.00,2580.00,0.00),(4,6,0.00,2580,0.00,0.00,129.00,0.00,2580.00,0.00),(4,7,0.00,2580,0.00,0.00,129.00,0.00,2580.00,0.00),(4,8,0.00,2580,0.00,0.00,129.00,0.00,2580.00,0.00),(4,9,0.00,2580,0.00,0.00,129.00,0.00,2580.00,0.00),(4,10,0.00,2580,0.00,0.00,129.00,0.00,2580.00,0.00),(4,11,0.00,2580,0.00,0.00,129.00,0.00,2580.00,0.00),(4,12,0.00,2580,0.00,0.00,129.00,0.00,2580.00,0.00),(5,1,0.00,1000,0.00,0.00,50.00,0.00,1000.00,0.00),(5,2,0.00,1000,1000.00,0.00,50.00,0.00,0.00,0.00),(5,3,0.00,1000,1000.00,0.00,50.00,0.00,0.00,0.00),(5,4,0.00,1000,1000.00,0.00,50.00,0.00,0.00,0.00),(5,5,0.00,1000,1000.00,0.00,50.00,0.00,0.00,0.00),(5,6,0.00,1000,1000.00,0.00,50.00,0.00,0.00,0.00),(5,7,0.00,1000,1000.00,0.00,50.00,0.00,0.00,0.00),(5,8,0.00,1000,1000.00,0.00,50.00,0.00,0.00,0.00),(5,9,0.00,1000,1000.00,0.00,50.00,0.00,0.00,0.00),(5,10,0.00,1000,1000.00,0.00,50.00,0.00,0.00,0.00),(5,11,0.00,1000,1000.00,0.00,50.00,0.00,0.00,0.00),(5,12,0.00,1000,1000.00,0.00,50.00,0.00,0.00,0.00),(6,1,1459.00,1000,1459.00,0.00,50.00,250.00,1250.00,0.00),(6,2,0.00,1000,0.00,0.00,50.00,250.00,1250.00,0.00),(6,3,0.00,1000,0.00,0.00,50.00,0.00,1000.00,0.00),(6,4,0.00,1000,-5000.00,0.00,50.00,0.00,6000.00,0.00),(6,5,0.00,1000,0.00,0.00,50.00,0.00,1000.00,0.00),(6,6,0.00,1000,0.00,0.00,50.00,0.00,1000.00,0.00),(6,7,0.00,1000,0.00,0.00,50.00,0.00,1000.00,0.00),(6,8,0.00,1000,0.00,0.00,50.00,0.00,1000.00,0.00),(6,9,0.00,1000,0.00,0.00,50.00,0.00,1000.00,0.00),(6,10,0.00,1000,0.00,0.00,50.00,0.00,1000.00,0.00),(6,11,0.00,1000,0.00,0.00,50.00,0.00,1000.00,0.00),(6,12,0.00,1000,1000.00,0.00,50.00,0.00,0.00,0.00),(7,1,350.00,2300,0.00,144.90,115.00,500.00,3144.90,150.00),(7,2,2125.00,2300,0.00,0.00,115.00,0.00,4000.00,425.00),(7,3,0.00,2300,0.00,0.00,115.00,0.00,2300.00,0.00),(7,4,0.00,2300,0.00,0.00,115.00,0.00,2300.00,0.00),(7,5,0.00,2300,2300.00,0.00,115.00,0.00,0.00,0.00),(7,6,0.00,2300,2300.00,0.00,115.00,0.00,0.00,0.00),(7,7,0.00,2300,2300.00,0.00,115.00,0.00,0.00,0.00),(7,8,0.00,2300,2300.00,0.00,115.00,0.00,0.00,0.00),(7,9,0.00,2300,2300.00,0.00,115.00,0.00,0.00,0.00),(7,10,0.00,2300,2300.00,0.00,115.00,0.00,0.00,0.00),(7,11,0.00,2300,2300.00,0.00,115.00,0.00,0.00,0.00),(7,12,0.00,2300,2300.00,0.00,115.00,0.00,0.00,0.00),(8,1,1805.00,1500,0.00,0.00,75.00,100.00,3405.00,0.00),(8,2,0.00,1500,0.00,0.00,75.00,0.00,1500.00,0.00),(8,3,0.00,1500,0.00,0.00,75.00,0.00,1500.00,0.00),(8,4,0.00,1500,1500.00,0.00,75.00,0.00,0.00,0.00),(8,5,0.00,1500,1500.00,0.00,75.00,0.00,0.00,0.00),(8,6,0.00,1500,1500.00,0.00,75.00,0.00,0.00,0.00),(8,7,0.00,2500,2500.00,0.00,125.00,0.00,0.00,0.00),(8,8,0.00,2500,2500.00,0.00,125.00,0.00,0.00,0.00),(8,9,0.00,2500,2500.00,0.00,125.00,0.00,0.00,0.00),(8,10,0.00,2500,2500.00,0.00,125.00,0.00,0.00,0.00),(8,11,0.00,2500,2500.00,0.00,125.00,0.00,0.00,0.00),(8,12,0.00,2500,2500.00,0.00,125.00,0.00,0.00,0.00),(9,1,0.00,1500,1500.00,0.00,75.00,0.00,0.00,0.00),(9,2,0.00,1500,1500.00,0.00,75.00,0.00,0.00,0.00),(9,3,0.00,1500,1500.00,0.00,75.00,0.00,0.00,0.00),(9,4,0.00,1500,1500.00,0.00,75.00,0.00,0.00,0.00),(9,5,0.00,1500,1500.00,0.00,75.00,0.00,0.00,0.00),(9,6,0.00,1500,1500.00,0.00,75.00,0.00,0.00,0.00),(9,7,0.00,1500,1500.00,0.00,75.00,0.00,0.00,0.00),(9,8,0.00,1500,1500.00,0.00,75.00,0.00,0.00,0.00),(9,9,0.00,1500,1500.00,0.00,75.00,0.00,0.00,0.00),(9,10,0.00,1500,1500.00,0.00,75.00,0.00,0.00,0.00),(9,11,0.00,1500,1500.00,0.00,75.00,0.00,0.00,0.00),(9,12,0.00,1500,1500.00,0.00,75.00,0.00,0.00,0.00),(10,1,100.00,1200,0.00,0.00,60.00,100.00,1400.00,0.00),(10,2,0.00,1200,200.00,0.00,60.00,0.00,1000.00,0.00),(10,3,0.00,1200,1200.00,0.00,60.00,0.00,0.00,0.00),(10,4,0.00,1200,1200.00,0.00,60.00,0.00,0.00,0.00),(10,5,0.00,1200,1200.00,0.00,60.00,0.00,0.00,0.00),(10,6,0.00,1200,1200.00,0.00,60.00,0.00,0.00,0.00),(10,7,0.00,1200,1200.00,0.00,60.00,0.00,0.00,0.00),(10,8,0.00,1200,1200.00,0.00,60.00,0.00,0.00,0.00),(10,9,0.00,1200,1200.00,0.00,60.00,0.00,0.00,0.00),(10,10,0.00,1200,1200.00,0.00,60.00,0.00,0.00,0.00),(10,11,0.00,1200,1200.00,0.00,60.00,0.00,0.00,0.00),(10,12,0.00,1200,1200.00,0.00,60.00,0.00,0.00,0.00),(11,1,0.00,5000,0.00,0.00,250.00,0.00,4850.00,150.00),(11,2,2974.00,5000,-150.00,0.00,250.00,0.00,8124.00,0.00),(11,3,0.00,5000,5000.00,0.00,250.00,0.00,0.00,0.00),(11,4,0.00,5000,5000.00,0.00,250.00,0.00,0.00,0.00),(11,5,0.00,5000,5000.00,0.00,250.00,0.00,0.00,0.00),(11,6,0.00,5000,5000.00,0.00,250.00,0.00,0.00,0.00),(11,7,0.00,5000,5000.00,0.00,250.00,0.00,0.00,0.00),(11,8,0.00,5000,5000.00,0.00,250.00,0.00,0.00,0.00),(11,9,0.00,5000,5000.00,0.00,250.00,0.00,0.00,0.00),(11,10,0.00,5000,5000.00,0.00,250.00,0.00,0.00,0.00),(11,11,0.00,5000,5000.00,0.00,250.00,0.00,0.00,0.00),(11,12,0.00,5000,5000.00,0.00,250.00,0.00,0.00,0.00),(12,1,0.00,3500,0.00,220.50,175.00,0.00,3720.50,0.00),(12,2,0.00,3500,3500.00,0.00,175.00,0.00,0.00,0.00),(12,3,0.00,3500,3500.00,0.00,175.00,0.00,0.00,0.00),(12,4,0.00,3500,3500.00,0.00,175.00,0.00,0.00,0.00),(12,5,0.00,3500,3500.00,0.00,175.00,0.00,0.00,0.00),(12,6,0.00,3500,3500.00,0.00,175.00,0.00,0.00,0.00),(12,7,0.00,3500,3500.00,0.00,175.00,0.00,0.00,0.00),(12,8,0.00,3500,3500.00,0.00,175.00,0.00,0.00,0.00),(12,9,0.00,3500,3500.00,0.00,175.00,0.00,0.00,0.00),(12,10,0.00,3500,3500.00,0.00,175.00,0.00,0.00,0.00),(12,11,0.00,3500,3500.00,0.00,175.00,0.00,0.00,0.00),(12,12,0.00,3500,3500.00,0.00,175.00,0.00,0.00,0.00),(14,1,0.00,3500,4166.67,0.00,175.00,666.67,0.00,0.00),(14,2,0.00,3500,4166.67,0.00,175.00,666.67,0.00,0.00),(14,3,0.00,3500,4166.67,0.00,175.00,666.67,0.00,0.00),(14,4,0.00,3500,3500.00,0.00,175.00,0.00,0.00,0.00),(14,5,0.00,3500,3500.00,0.00,175.00,0.00,0.00,0.00),(14,6,0.00,3500,3500.00,0.00,175.00,0.00,0.00,0.00),(14,7,0.00,3500,3500.00,0.00,175.00,0.00,0.00,0.00),(14,8,0.00,3500,3500.00,0.00,175.00,0.00,0.00,0.00),(14,9,0.00,3500,3500.00,0.00,175.00,0.00,0.00,0.00),(14,10,0.00,3500,3500.00,0.00,175.00,0.00,0.00,0.00),(14,11,0.00,3500,3500.00,0.00,175.00,0.00,0.00,0.00),(14,12,0.00,3500,3500.00,0.00,175.00,0.00,0.00,0.00),(14,13,0.00,4200,4200.00,0.00,210.00,0.00,0.00,0.00),(14,14,0.00,4200,4200.00,0.00,210.00,0.00,0.00,0.00),(14,15,0.00,4200,4200.00,0.00,210.00,0.00,0.00,0.00),(14,16,0.00,4200,4200.00,0.00,210.00,0.00,0.00,0.00),(14,17,0.00,4200,4200.00,0.00,210.00,0.00,0.00,0.00),(14,18,0.00,4200,4200.00,0.00,210.00,0.00,0.00,0.00),(14,19,0.00,4200,4200.00,0.00,210.00,0.00,0.00,0.00),(14,20,0.00,4200,4200.00,0.00,210.00,0.00,0.00,0.00),(14,21,0.00,4200,4200.00,0.00,210.00,0.00,0.00,0.00),(14,22,0.00,4200,4200.00,0.00,210.00,0.00,0.00,0.00),(14,23,0.00,4200,4200.00,0.00,210.00,0.00,0.00,0.00),(14,24,0.00,4200,4200.00,0.00,210.00,0.00,0.00,0.00),(15,1,0.00,1200,1600.00,0.00,60.00,400.00,0.00,0.00),(15,2,0.00,1200,1600.00,0.00,60.00,400.00,0.00,0.00),(15,3,0.00,1200,1200.00,0.00,60.00,0.00,0.00,0.00),(15,4,0.00,1200,1200.00,0.00,60.00,0.00,0.00,0.00),(15,5,0.00,1200,1200.00,0.00,60.00,0.00,0.00,0.00),(15,6,0.00,1200,1200.00,0.00,60.00,0.00,0.00,0.00),(15,7,0.00,1200,1200.00,0.00,60.00,0.00,0.00,0.00),(15,8,0.00,1200,1200.00,0.00,60.00,0.00,0.00,0.00),(15,9,0.00,1200,1200.00,0.00,60.00,0.00,0.00,0.00),(15,10,0.00,1200,1200.00,0.00,60.00,0.00,0.00,0.00),(15,11,0.00,1200,1200.00,0.00,60.00,0.00,0.00,0.00),(15,12,0.00,1200,1200.00,0.00,60.00,0.00,0.00,0.00),(15,13,0.00,1500,1500.00,0.00,75.00,0.00,0.00,0.00),(15,14,0.00,1500,1500.00,0.00,75.00,0.00,0.00,0.00),(15,15,0.00,1500,1500.00,0.00,75.00,0.00,0.00,0.00),(15,16,0.00,1500,1500.00,0.00,75.00,0.00,0.00,0.00),(15,17,0.00,1500,1500.00,0.00,75.00,0.00,0.00,0.00),(15,18,0.00,1500,1500.00,0.00,75.00,0.00,0.00,0.00),(15,19,0.00,1500,1500.00,0.00,75.00,0.00,0.00,0.00),(15,20,0.00,1500,1500.00,0.00,75.00,0.00,0.00,0.00),(15,21,0.00,1500,1500.00,0.00,75.00,0.00,0.00,0.00),(15,22,0.00,1500,1500.00,0.00,75.00,0.00,0.00,0.00),(15,23,0.00,1500,1500.00,0.00,75.00,0.00,0.00,0.00),(15,24,0.00,1500,1500.00,0.00,75.00,0.00,0.00,0.00),(15,1,0.00,1200,1600.00,0.00,60.00,400.00,0.00,0.00),(15,2,0.00,1200,1600.00,0.00,60.00,400.00,0.00,0.00),(15,3,0.00,1200,1200.00,0.00,60.00,0.00,0.00,0.00),(15,4,0.00,1200,1200.00,0.00,60.00,0.00,0.00,0.00),(15,5,0.00,1200,1200.00,0.00,60.00,0.00,0.00,0.00),(15,6,0.00,1200,1200.00,0.00,60.00,0.00,0.00,0.00),(15,7,0.00,1200,1200.00,0.00,60.00,0.00,0.00,0.00),(15,8,0.00,1200,1200.00,0.00,60.00,0.00,0.00,0.00),(15,9,0.00,1200,1200.00,0.00,60.00,0.00,0.00,0.00),(15,10,0.00,1200,1200.00,0.00,60.00,0.00,0.00,0.00),(15,11,0.00,1200,1200.00,0.00,60.00,0.00,0.00,0.00),(15,12,0.00,1200,1200.00,0.00,60.00,0.00,0.00,0.00),(15,13,0.00,1500,1500.00,0.00,75.00,0.00,0.00,0.00),(15,14,0.00,1500,1500.00,0.00,75.00,0.00,0.00,0.00),(15,15,0.00,1500,1500.00,0.00,75.00,0.00,0.00,0.00),(15,16,0.00,1500,1500.00,0.00,75.00,0.00,0.00,0.00),(15,17,0.00,1500,1500.00,0.00,75.00,0.00,0.00,0.00),(15,18,0.00,1500,1500.00,0.00,75.00,0.00,0.00,0.00),(15,19,0.00,1500,1500.00,0.00,75.00,0.00,0.00,0.00),(15,20,0.00,1500,1500.00,0.00,75.00,0.00,0.00,0.00),(15,21,0.00,1500,1500.00,0.00,75.00,0.00,0.00,0.00),(15,22,0.00,1500,1500.00,0.00,75.00,0.00,0.00,0.00),(15,23,0.00,1500,1500.00,0.00,75.00,0.00,0.00,0.00),(15,24,0.00,1500,1500.00,0.00,75.00,0.00,0.00,0.00),(16,1,0.00,800,900.00,0.00,40.00,100.00,0.00,0.00),(16,2,0.00,800,900.00,0.00,40.00,100.00,0.00,0.00),(16,3,0.00,800,800.00,0.00,40.00,0.00,0.00,0.00),(16,4,0.00,800,800.00,0.00,40.00,0.00,0.00,0.00),(16,5,0.00,800,800.00,0.00,40.00,0.00,0.00,0.00),(16,6,0.00,800,800.00,0.00,40.00,0.00,0.00,0.00),(16,7,0.00,800,800.00,0.00,40.00,0.00,0.00,0.00),(16,8,0.00,800,800.00,0.00,40.00,0.00,0.00,0.00),(16,9,0.00,800,800.00,0.00,40.00,0.00,0.00,0.00),(16,10,0.00,800,800.00,0.00,40.00,0.00,0.00,0.00),(16,11,0.00,800,800.00,0.00,40.00,0.00,0.00,0.00),(16,12,0.00,800,800.00,0.00,40.00,0.00,0.00,0.00),(16,13,0.00,1000,1000.00,0.00,50.00,0.00,0.00,0.00),(16,14,0.00,1000,1000.00,0.00,50.00,0.00,0.00,0.00),(16,15,0.00,1000,1000.00,0.00,50.00,0.00,0.00,0.00),(16,16,0.00,1000,1000.00,0.00,50.00,0.00,0.00,0.00),(16,17,0.00,1000,1000.00,0.00,50.00,0.00,0.00,0.00),(16,18,0.00,1000,1000.00,0.00,50.00,0.00,0.00,0.00),(16,19,0.00,1000,1000.00,0.00,50.00,0.00,0.00,0.00),(16,20,0.00,1000,1000.00,0.00,50.00,0.00,0.00,0.00),(16,21,0.00,1000,1000.00,0.00,50.00,0.00,0.00,0.00),(16,22,0.00,1000,1000.00,0.00,50.00,0.00,0.00,0.00),(16,23,0.00,1000,1000.00,0.00,50.00,0.00,0.00,0.00),(16,24,0.00,1000,1000.00,0.00,50.00,0.00,0.00,0.00),(17,1,0.00,1222,0.00,0.00,61.10,0.00,1222.00,0.00),(17,2,150.00,1222,1372.00,0.00,61.10,0.00,0.00,0.00),(17,3,0.00,1222,1222.00,0.00,61.10,0.00,0.00,0.00),(17,4,0.00,1222,1222.00,0.00,61.10,0.00,0.00,0.00),(17,5,0.00,1222,1222.00,0.00,61.10,0.00,0.00,0.00),(17,6,0.00,1222,1222.00,0.00,61.10,0.00,0.00,0.00),(17,7,0.00,1222,1222.00,0.00,61.10,0.00,0.00,0.00),(17,8,0.00,1222,1222.00,0.00,61.10,0.00,0.00,0.00),(17,9,0.00,1222,1222.00,0.00,61.10,0.00,0.00,0.00),(17,10,0.00,1222,1222.00,0.00,61.10,0.00,0.00,0.00),(17,11,0.00,1222,1222.00,0.00,61.10,0.00,0.00,0.00),(17,12,0.00,1222,1222.00,0.00,61.10,0.00,0.00,0.00),(17,13,0.00,1500,1500.00,0.00,75.00,0.00,0.00,0.00),(17,14,0.00,1500,1500.00,0.00,75.00,0.00,0.00,0.00),(17,15,0.00,1500,1500.00,0.00,75.00,0.00,0.00,0.00),(17,16,0.00,1500,1500.00,0.00,75.00,0.00,0.00,0.00),(17,17,0.00,1500,1500.00,0.00,75.00,0.00,0.00,0.00),(17,18,0.00,1500,1500.00,0.00,75.00,0.00,0.00,0.00),(17,19,0.00,1500,1500.00,0.00,75.00,0.00,0.00,0.00),(17,20,0.00,1500,1500.00,0.00,75.00,0.00,0.00,0.00),(17,21,0.00,1500,1500.00,0.00,75.00,0.00,0.00,0.00),(17,22,0.00,1500,1500.00,0.00,75.00,0.00,0.00,0.00),(17,23,0.00,1500,1500.00,0.00,75.00,0.00,0.00,0.00),(18,1,0.00,6000,0.00,0.00,300.00,0.00,6000.00,0.00),(18,2,0.00,6000,6000.00,0.00,300.00,0.00,0.00,0.00),(18,3,0.00,6000,6000.00,0.00,300.00,0.00,0.00,0.00),(18,4,0.00,6000,6000.00,0.00,300.00,0.00,0.00,0.00),(18,5,0.00,6000,6000.00,0.00,300.00,0.00,0.00,0.00),(18,6,0.00,6000,6000.00,0.00,300.00,0.00,0.00,0.00),(18,7,0.00,6000,6000.00,0.00,300.00,0.00,0.00,0.00),(18,8,0.00,6000,6000.00,0.00,300.00,0.00,0.00,0.00),(18,9,0.00,6000,6000.00,0.00,300.00,0.00,0.00,0.00),(18,10,0.00,6000,6000.00,0.00,300.00,0.00,0.00,0.00),(18,11,0.00,6000,6000.00,0.00,300.00,0.00,0.00,0.00),(18,12,0.00,6000,6000.00,0.00,300.00,0.00,0.00,0.00),(19,1,0.00,1222,0.00,7.33,61.10,0.00,1229.33,0.00),(19,2,0.00,1222,1222.00,0.00,61.10,0.00,0.00,0.00),(19,3,0.00,1222,1222.00,0.00,61.10,0.00,0.00,0.00),(19,4,0.00,1222,1222.00,0.00,61.10,0.00,0.00,0.00),(19,5,0.00,1222,1222.00,0.00,61.10,0.00,0.00,0.00),(19,6,0.00,1222,1222.00,0.00,61.10,0.00,0.00,0.00),(19,7,0.00,1222,1222.00,0.00,61.10,0.00,0.00,0.00),(19,8,0.00,1222,1222.00,0.00,61.10,0.00,0.00,0.00),(19,9,0.00,1222,1222.00,0.00,61.10,0.00,0.00,0.00),(19,10,0.00,1222,1222.00,0.00,61.10,0.00,0.00,0.00),(19,11,0.00,1222,1222.00,0.00,61.10,0.00,0.00,0.00),(19,12,0.00,1222,1222.00,0.00,61.10,0.00,0.00,0.00),(20,1,0.00,1500,1500.00,0.00,75.00,0.00,0.00,0.00),(20,2,0.00,1500,1500.00,0.00,75.00,0.00,0.00,0.00),(20,3,0.00,1500,1500.00,0.00,75.00,0.00,0.00,0.00),(20,4,0.00,1500,1500.00,0.00,75.00,0.00,0.00,0.00),(20,5,0.00,1500,1500.00,0.00,75.00,0.00,0.00,0.00),(20,6,0.00,1500,1500.00,0.00,75.00,0.00,0.00,0.00),(20,7,0.00,1500,1500.00,0.00,75.00,0.00,0.00,0.00),(20,8,0.00,1500,1500.00,0.00,75.00,0.00,0.00,0.00),(20,9,0.00,1500,1500.00,0.00,75.00,0.00,0.00,0.00),(20,10,0.00,1500,1500.00,0.00,75.00,0.00,0.00,0.00),(20,11,0.00,1500,1500.00,0.00,75.00,0.00,0.00,0.00),(20,12,0.00,1500,1500.00,0.00,75.00,0.00,0.00,0.00),(21,1,0.00,1322,1323.00,0.00,66.10,1.00,0.00,0.00),(21,2,0.00,1322,1322.00,0.00,66.10,0.00,0.00,0.00),(22,1,0.00,4520,0.00,461.04,226.00,1.00,4982.04,0.00),(22,2,0.00,4520,0.00,54.24,226.00,1.00,4575.24,0.00),(22,3,0.00,4520,4521.00,0.00,226.00,1.00,0.00,0.00),(22,4,0.00,4520,4521.00,0.00,226.00,1.00,0.00,0.00),(22,5,0.00,4520,4521.00,0.00,226.00,1.00,0.00,0.00),(22,6,0.00,4520,4520.00,0.00,226.00,0.00,0.00,0.00),(22,7,0.00,4520,4520.00,0.00,226.00,0.00,0.00,0.00),(22,8,0.00,4520,4520.00,0.00,226.00,0.00,0.00,0.00),(22,9,0.00,4520,4520.00,0.00,226.00,0.00,0.00,0.00),(22,10,0.00,4520,4520.00,0.00,226.00,0.00,0.00,0.00),(22,11,0.00,4520,4520.00,0.00,226.00,0.00,0.00,0.00),(22,12,0.00,4520,4520.00,0.00,226.00,0.00,0.00,0.00),(23,1,1500.00,1500,0.00,0.00,75.00,500.00,3500.00,0.00),(23,2,120.00,1500,1620.00,0.00,75.00,0.00,0.00,0.00),(23,3,0.00,1500,1500.00,0.00,75.00,0.00,0.00,0.00),(23,4,0.00,1500,1500.00,0.00,75.00,0.00,0.00,0.00),(23,5,0.00,1500,1500.00,0.00,75.00,0.00,0.00,0.00),(23,6,0.00,1500,1500.00,0.00,75.00,0.00,0.00,0.00),(23,7,0.00,2000,2000.00,0.00,100.00,0.00,0.00,0.00),(23,8,0.00,2000,2000.00,0.00,100.00,0.00,0.00,0.00),(23,9,0.00,2000,2000.00,0.00,100.00,0.00,0.00,0.00),(23,10,0.00,2000,2000.00,0.00,100.00,0.00,0.00,0.00),(23,11,0.00,2000,2000.00,0.00,100.00,0.00,0.00,0.00),(23,12,0.00,2000,2000.00,0.00,100.00,0.00,0.00,0.00),(24,1,0.00,1000,1001.00,0.00,50.00,1.00,0.00,0.00),(24,2,0.00,1000,1000.00,0.00,50.00,0.00,0.00,0.00),(24,3,0.00,1000,1000.00,0.00,50.00,0.00,0.00,0.00),(24,4,0.00,1500,1500.00,0.00,75.00,0.00,0.00,0.00),(24,5,0.00,1500,1500.00,0.00,75.00,0.00,0.00,0.00),(24,6,0.00,1500,1500.00,0.00,75.00,0.00,0.00,0.00),(24,7,0.00,1500,1500.00,0.00,75.00,0.00,0.00,0.00),(24,8,0.00,1500,1500.00,0.00,75.00,0.00,0.00,0.00),(24,9,0.00,1500,1500.00,0.00,75.00,0.00,0.00,0.00),(24,10,0.00,1500,1500.00,0.00,75.00,0.00,0.00,0.00),(24,11,0.00,1500,1500.00,0.00,75.00,0.00,0.00,0.00),(24,12,0.00,1500,1500.00,0.00,75.00,0.00,0.00,0.00),(25,1,0.00,1500,1501.00,0.00,75.00,1.00,0.00,0.00),(25,2,0.00,1500,1500.00,0.00,75.00,0.00,0.00,0.00),(25,3,0.00,1500,1500.00,0.00,75.00,0.00,0.00,0.00),(25,4,0.00,1500,1500.00,0.00,75.00,0.00,0.00,0.00),(25,5,0.00,1500,1500.00,0.00,75.00,0.00,0.00,0.00),(25,6,0.00,1500,1500.00,0.00,75.00,0.00,0.00,0.00),(25,7,0.00,1500,1500.00,0.00,75.00,0.00,0.00,0.00),(25,8,0.00,1500,1500.00,0.00,75.00,0.00,0.00,0.00),(25,9,0.00,1500,1500.00,0.00,75.00,0.00,0.00,0.00),(25,10,0.00,1500,1500.00,0.00,75.00,0.00,0.00,0.00),(25,11,0.00,1500,1500.00,0.00,75.00,0.00,0.00,0.00),(25,12,0.00,1500,1500.00,0.00,75.00,0.00,0.00,0.00),(26,1,0.00,2000,2001.00,0.00,100.00,1.00,0.00,0.00),(26,2,0.00,2000,2000.00,0.00,100.00,0.00,0.00,0.00),(26,3,0.00,2000,2000.00,0.00,100.00,0.00,0.00,0.00),(26,4,0.00,2000,2000.00,0.00,100.00,0.00,0.00,0.00),(26,5,0.00,2000,2000.00,0.00,100.00,0.00,0.00,0.00),(26,6,0.00,2000,2000.00,0.00,100.00,0.00,0.00,0.00),(26,7,0.00,2000,2000.00,0.00,100.00,0.00,0.00,0.00),(26,8,0.00,2000,2000.00,0.00,100.00,0.00,0.00,0.00),(26,9,0.00,2000,2000.00,0.00,100.00,0.00,0.00,0.00),(26,10,0.00,2000,2000.00,0.00,100.00,0.00,0.00,0.00),(26,11,0.00,2000,2000.00,0.00,100.00,0.00,0.00,0.00),(26,12,0.00,2000,2000.00,0.00,100.00,0.00,0.00,0.00),(27,1,0.00,2000,2001.00,0.00,100.00,1.00,0.00,0.00),(27,2,0.00,2000,2000.00,0.00,100.00,0.00,0.00,0.00),(27,3,0.00,2000,2000.00,0.00,100.00,0.00,0.00,0.00),(27,4,0.00,2000,2000.00,0.00,100.00,0.00,0.00,0.00),(27,5,0.00,2000,2000.00,0.00,100.00,0.00,0.00,0.00),(27,6,0.00,2000,2000.00,0.00,100.00,0.00,0.00,0.00),(27,7,0.00,2000,2000.00,0.00,100.00,0.00,0.00,0.00),(27,8,0.00,2000,2000.00,0.00,100.00,0.00,0.00,0.00),(27,9,0.00,2000,2000.00,0.00,100.00,0.00,0.00,0.00),(27,10,0.00,2000,2000.00,0.00,100.00,0.00,0.00,0.00),(27,11,0.00,2000,2000.00,0.00,100.00,0.00,0.00,0.00),(27,12,0.00,2000,2000.00,0.00,100.00,0.00,0.00,0.00),(28,1,0.00,2000,2001.00,0.00,100.00,1.00,0.00,0.00),(28,2,0.00,2000,2000.00,0.00,100.00,0.00,0.00,0.00),(28,3,0.00,2000,2000.00,0.00,100.00,0.00,0.00,0.00),(28,4,0.00,2000,2000.00,0.00,100.00,0.00,0.00,0.00),(28,5,0.00,2000,2000.00,0.00,100.00,0.00,0.00,0.00),(28,6,0.00,2000,2000.00,0.00,100.00,0.00,0.00,0.00),(28,7,0.00,2000,2000.00,0.00,100.00,0.00,0.00,0.00),(28,8,0.00,2000,2000.00,0.00,100.00,0.00,0.00,0.00),(28,9,0.00,2000,2000.00,0.00,100.00,0.00,0.00,0.00),(28,10,0.00,2000,2000.00,0.00,100.00,0.00,0.00,0.00),(28,11,0.00,2000,2000.00,0.00,100.00,0.00,0.00,0.00),(28,12,0.00,2000,2000.00,0.00,100.00,0.00,0.00,0.00),(29,1,0.00,10000000,10000001.00,0.00,500000.00,1.00,0.00,0.00),(29,2,0.00,10000000,10000000.00,0.00,500000.00,0.00,0.00,0.00),(29,3,0.00,10000000,10000000.00,0.00,500000.00,0.00,0.00,0.00),(29,4,0.00,10000000,10000000.00,0.00,500000.00,0.00,0.00,0.00),(29,5,0.00,10000000,10000000.00,0.00,500000.00,0.00,0.00,0.00),(29,6,0.00,10000000,10000000.00,0.00,500000.00,0.00,0.00,0.00),(29,7,0.00,10000000,10000000.00,0.00,500000.00,0.00,0.00,0.00),(29,8,0.00,10000000,10000000.00,0.00,500000.00,0.00,0.00,0.00),(29,9,0.00,10000000,10000000.00,0.00,500000.00,0.00,0.00,0.00),(29,10,0.00,10000000,10000000.00,0.00,500000.00,0.00,0.00,0.00),(29,11,0.00,10000000,10000000.00,0.00,500000.00,0.00,0.00,0.00),(29,12,0.00,10000000,10000000.00,0.00,500000.00,0.00,0.00,0.00),(30,1,0.00,5000,5001.00,0.00,250.00,1.00,0.00,0.00),(30,2,0.00,5000,5000.00,0.00,250.00,0.00,0.00,0.00),(30,3,0.00,5000,5000.00,0.00,250.00,0.00,0.00,0.00),(30,4,0.00,5000,5000.00,0.00,250.00,0.00,0.00,0.00),(30,5,0.00,5000,5000.00,0.00,250.00,0.00,0.00,0.00),(30,6,0.00,5000,5000.00,0.00,250.00,0.00,0.00,0.00),(30,7,0.00,5000,5000.00,0.00,250.00,0.00,0.00,0.00),(30,8,0.00,5000,5000.00,0.00,250.00,0.00,0.00,0.00),(30,9,0.00,5000,5000.00,0.00,250.00,0.00,0.00,0.00),(30,10,0.00,5000,5000.00,0.00,250.00,0.00,0.00,0.00),(30,11,0.00,5000,5000.00,0.00,250.00,0.00,0.00,0.00),(30,12,0.00,5000,5000.00,0.00,250.00,0.00,0.00,0.00),(31,1,0.00,5000,5001.00,0.00,250.00,1.00,0.00,0.00),(31,2,0.00,5000,5000.00,0.00,250.00,0.00,0.00,0.00),(31,3,0.00,5000,5000.00,0.00,250.00,0.00,0.00,0.00),(31,4,0.00,5000,5000.00,0.00,250.00,0.00,0.00,0.00),(31,5,0.00,5000,5000.00,0.00,250.00,0.00,0.00,0.00),(31,6,0.00,5000,5000.00,0.00,250.00,0.00,0.00,0.00),(31,7,0.00,5000,5000.00,0.00,250.00,0.00,0.00,0.00),(31,8,0.00,5000,5000.00,0.00,250.00,0.00,0.00,0.00),(31,9,0.00,5000,5000.00,0.00,250.00,0.00,0.00,0.00),(31,10,0.00,5000,5000.00,0.00,250.00,0.00,0.00,0.00),(31,11,0.00,5000,5000.00,0.00,250.00,0.00,0.00,0.00),(31,12,0.00,5000,5000.00,0.00,250.00,0.00,0.00,0.00),(32,1,0.00,4000,4001.00,0.00,200.00,1.00,0.00,0.00),(32,2,0.00,4000,4000.00,0.00,200.00,0.00,0.00,0.00),(32,3,0.00,4000,4000.00,0.00,200.00,0.00,0.00,0.00),(32,4,0.00,4000,4000.00,0.00,200.00,0.00,0.00,0.00),(32,5,0.00,4000,4000.00,0.00,200.00,0.00,0.00,0.00),(32,6,0.00,4000,4000.00,0.00,200.00,0.00,0.00,0.00),(32,7,0.00,4000,4000.00,0.00,200.00,0.00,0.00,0.00),(32,8,0.00,4000,4000.00,0.00,200.00,0.00,0.00,0.00),(32,9,0.00,4000,4000.00,0.00,200.00,0.00,0.00,0.00),(32,10,0.00,4000,4000.00,0.00,200.00,0.00,0.00,0.00),(32,11,0.00,4000,4000.00,0.00,200.00,0.00,0.00,0.00),(32,12,0.00,4000,4000.00,0.00,200.00,0.00,0.00,0.00),(32,13,0.00,5500,5500.00,0.00,275.00,0.00,0.00,0.00),(32,14,0.00,5500,5500.00,0.00,275.00,0.00,0.00,0.00),(32,15,0.00,5500,5500.00,0.00,275.00,0.00,0.00,0.00),(32,16,0.00,5500,5500.00,0.00,275.00,0.00,0.00,0.00),(32,17,0.00,5500,5500.00,0.00,275.00,0.00,0.00,0.00),(32,18,0.00,5500,5500.00,0.00,275.00,0.00,0.00,0.00),(32,19,0.00,5500,5500.00,0.00,275.00,0.00,0.00,0.00),(32,20,0.00,5500,5500.00,0.00,275.00,0.00,0.00,0.00),(32,21,0.00,5500,5500.00,0.00,275.00,0.00,0.00,0.00),(32,22,0.00,5500,5500.00,0.00,275.00,0.00,0.00,0.00),(32,23,0.00,5500,5500.00,0.00,275.00,0.00,0.00,0.00),(32,24,0.00,5500,5500.00,0.00,275.00,0.00,0.00,0.00),(33,1,0.00,5000,0.00,5280.00,250.00,1.00,10281.00,0.00),(33,2,0.00,5000,5000.00,0.00,250.00,0.00,0.00,0.00),(33,3,0.00,5000,5000.00,0.00,250.00,0.00,0.00,0.00),(33,4,0.00,5000,5000.00,0.00,250.00,0.00,0.00,0.00),(33,5,0.00,5000,5000.00,0.00,250.00,0.00,0.00,0.00),(33,6,0.00,5000,5000.00,0.00,250.00,0.00,0.00,0.00),(33,7,0.00,5000,5000.00,0.00,250.00,0.00,0.00,0.00),(33,8,0.00,5000,5000.00,0.00,250.00,0.00,0.00,0.00),(33,9,0.00,5000,5000.00,0.00,250.00,0.00,0.00,0.00),(33,10,0.00,5000,5000.00,0.00,250.00,0.00,0.00,0.00),(33,11,0.00,5000,5000.00,0.00,250.00,0.00,0.00,0.00),(33,12,0.00,5000,5000.00,0.00,250.00,0.00,0.00,0.00),(34,1,0.00,850,851.00,0.00,42.50,1.00,0.00,0.00),(34,2,0.00,850,850.00,0.00,42.50,0.00,0.00,0.00),(34,3,0.00,850,850.00,0.00,42.50,0.00,0.00,0.00),(34,4,0.00,850,850.00,0.00,42.50,0.00,0.00,0.00),(34,5,0.00,850,850.00,0.00,42.50,0.00,0.00,0.00),(34,6,0.00,850,850.00,0.00,42.50,0.00,0.00,0.00),(34,7,0.00,850,850.00,0.00,42.50,0.00,0.00,0.00),(34,8,0.00,850,850.00,0.00,42.50,0.00,0.00,0.00),(34,9,0.00,850,850.00,0.00,42.50,0.00,0.00,0.00),(34,10,0.00,850,850.00,0.00,42.50,0.00,0.00,0.00),(34,11,0.00,850,850.00,0.00,42.50,0.00,0.00,0.00),(34,12,0.00,850,850.00,0.00,42.50,0.00,0.00,0.00);
/*!40000 ALTER TABLE `contratocuota` ENABLE KEYS */;
UNLOCK TABLES;

--
-- Table structure for table `cuotaimpuesto`
--

DROP TABLE IF EXISTS `cuotaimpuesto`;
/*!40101 SET @saved_cs_client     = @@character_set_client */;
/*!40101 SET character_set_client = utf8 */;
CREATE TABLE `cuotaimpuesto` (
  `idCcontrato` int(5) NOT NULL,
  `nroCuota` int(10) NOT NULL,
  `idImpuesto` int(5) NOT NULL
) ENGINE=InnoDB DEFAULT CHARSET=latin1;
/*!40101 SET character_set_client = @saved_cs_client */;

--
-- Dumping data for table `cuotaimpuesto`
--

LOCK TABLES `cuotaimpuesto` WRITE;
/*!40000 ALTER TABLE `cuotaimpuesto` DISABLE KEYS */;
INSERT INTO `cuotaimpuesto` VALUES (2,2,2),(2,3,4),(2,3,5),(2,2,7),(2,2,8),(2,5,9),(2,5,10),(2,5,11),(2,12,12),(2,12,13),(2,12,14),(6,1,18),(6,1,19),(6,1,20),(4,1,23),(3,1,24),(7,1,25),(7,1,26),(8,1,27),(2,4,29),(2,4,30),(7,2,31),(7,2,32),(7,2,33),(7,2,34),(7,2,35),(7,2,36),(7,2,37),(7,2,38),(7,2,39),(7,2,40),(8,1,41),(11,2,43),(11,2,44),(17,2,45),(23,1,46),(23,2,47);
/*!40000 ALTER TABLE `cuotaimpuesto` ENABLE KEYS */;
UNLOCK TABLES;

--
-- Table structure for table `descripcionimpuesto`
--

DROP TABLE IF EXISTS `descripcionimpuesto`;
/*!40101 SET @saved_cs_client     = @@character_set_client */;
/*!40101 SET character_set_client = utf8 */;
CREATE TABLE `descripcionimpuesto` (
  `idDescripcion` int(5) NOT NULL,
  `descripcion` varchar(20) NOT NULL
) ENGINE=InnoDB DEFAULT CHARSET=latin1;
/*!40101 SET character_set_client = @saved_cs_client */;

--
-- Dumping data for table `descripcionimpuesto`
--

LOCK TABLES `descripcionimpuesto` WRITE;
/*!40000 ALTER TABLE `descripcionimpuesto` DISABLE KEYS */;
INSERT INTO `descripcionimpuesto` VALUES (3,'Luz'),(1,'Inmobiliario'),(2,'Tasa Municipal'),(5,'Gas'),(6,'CableVideo'),(7,'Internet'),(8,'Telefono'),(9,'Celular'),(10,'Cloaca'),(11,'Sepelio'),(12,'Cuenca'),(4,'Agua Potable');
/*!40000 ALTER TABLE `descripcionimpuesto` ENABLE KEYS */;
UNLOCK TABLES;

--
-- Table structure for table `eventos`
--

DROP TABLE IF EXISTS `eventos`;
/*!40101 SET @saved_cs_client     = @@character_set_client */;
/*!40101 SET character_set_client = utf8 */;
CREATE TABLE `eventos` (
  `fecha` varchar(20) NOT NULL,
  `idUsuario` int(5) NOT NULL,
  `descipcion` varchar(100) NOT NULL,
  `tipo` enum('MOVIMIENTO','CONTRATO','INMUEBLE','CLIENTE','USUARIO') NOT NULL
) ENGINE=InnoDB DEFAULT CHARSET=latin1;
/*!40101 SET character_set_client = @saved_cs_client */;

--
-- Dumping data for table `eventos`
--

LOCK TABLES `eventos` WRITE;
/*!40000 ALTER TABLE `eventos` DISABLE KEYS */;
INSERT INTO `eventos` VALUES ('14/07/2017 - 11:32\r\n',1,'Se agrego el usuario HERNAN','USUARIO'),('14/07/2017 - 11:32\r\n',1,'Se elimino el usuario HERNAN','USUARIO'),('14/07/2017 - 11:32\r\n',1,'Se recupero el usuario HERNAN','USUARIO'),('14/07/2017 - 11:32\r\n',1,'El usuario ADMIN modifico la contraseña','USUARIO'),('14/10/2017 - 11:32\r\n',1,'Se agrego el Inmueble Prueba1500  ','INMUEBLE'),('14/10/2017 - 11:32\r\n',1,'Se elimino el Inmueble CasiGol0001  ','INMUEBLE'),('14/10/2017 - 11:32\r\n',1,'Se elimino el Inmueble San Martin1875','INMUEBLE'),('14/05/2017 - 11:32\r\n',1,'Se agregego el Propietario Ronald Quinteros ','CLIENTE'),('14/05/2017 - 11:32\r\n',1,'Se agregego el Inquilino Maxilimiliano Lugo ','CLIENTE'),('14/05/2017 - 11:32\r\n',1,'Se agregego el Garante Robertino Insua Lopez','CLIENTE'),('14/05/2017 - 11:32\r\n',1,'Se elimino el Cliente Lugo null Maxilimiliano','CLIENTE'),('14/05/2017 - 11:32\r\n',1,'Se recupero el Cliente Candela Oggioni ','CLIENTE'),('14/05/2016 - 11:32\r\n',7,'Se registro el cobro de la cuota 6 del contrato 6 por $1000.0','MOVIMIENTO'),('14/05/2016 - 11:32\r\n',7,'Se registro el pago de la cuota 1 del contrato 6','MOVIMIENTO'),('14/05/2017 - 11:32\r\n',1,'Se registro el cobro de la cuota 2 del contrato 22 por $4575.24','MOVIMIENTO'),('14/05/2017 - 11:32\r\n',1,'Se agregego el Garante Kampmann Doris ','CLIENTE'),('14/05/2017 - 11:32\r\n',1,'Se agregego el Garante Juan Roman  Riquelme Dios','CLIENTE'),('14/10/2017 - 11:32\r\n',1,'Se agrego el Inmueble Guemes3045  ','INMUEBLE'),('14/10/2017 - 11:32\r\n',1,'Se agrego el Inmueble Avenida Siempre Viva123  ','INMUEBLE'),('14/10/2017 - 11:32\r\n',1,'Se agrego el Inmueble ddasdsadsa12332  ','INMUEBLE'),('14/05/2017 - 11:32\r\n',1,'Se agregego el Propietario Homero Simpson ','CLIENTE'),('14/10/2017 - 11:32\r\n',1,'Se agrego el Inmueble San Martin1878 10 E','INMUEBLE'),('14/10/2017 - 11:32\r\n',1,'Se agrego el Inmueble hola122  ','INMUEBLE'),('14/10/2017 - 11:32\r\n',1,'Se agrego el Inmueble Laprida 1552  ','INMUEBLE'),('14/10/2017 - 11:32\r\n',1,'Se agrego el Inmueble Sarmiento  ','INMUEBLE'),('14/10/2017 - 11:32\r\n',1,'Se agrego el Inmueble Sarmiento 1500  ','INMUEBLE'),('14/07/2017 - 11:32\r\n',1,'Se elimino el usuario HERNAN','USUARIO'),('15/05/2017 - 19:20',1,'Se registro el cobro de la cuota 7 del contrato 6 por $1000.0','MOVIMIENTO'),('15/05/2017 - 19:21',1,'Se registro el cobro de la cuota 3 del contrato 8 por $1500.0','MOVIMIENTO'),('15/05/2017 - 20:28',1,'Se registro el cobro de la cuota 8 del contrato 6 por $1000.0','MOVIMIENTO'),('15/05/2017 - 20:31',1,'Se registro el cobro de la cuota 9 del contrato 6 por $1000.0','MOVIMIENTO'),('15/05/2017 - 20:34',1,'Se registro el cobro de la cuota 10 del contrato 6 por $1000.0','MOVIMIENTO'),('15/05/2017 - 20:36',1,'Se registro el cobro de la cuota 4 del contrato 7 por $2300.0','MOVIMIENTO'),('15/05/2017 - 20:40',1,'Se registro el cobro de la cuota 11 del contrato 6 por $1000.0','MOVIMIENTO'),('20/05/2017 - 12:21',1,'Se recupero el usuario HERNAN','USUARIO'),('20/05/2017 - 12:22',1,'Se creo el Contrato 25','CONTRATO'),('20/05/2017 - 12:29',1,'Se creo el Contrato 26','CONTRATO'),('20/05/2017 - 12:33',1,'Se creo el Contrato 27','CONTRATO'),('20/05/2017 - 12:38',1,'Se creo el Contrato 28','CONTRATO'),('22/05/2017 - 15:58',1,'Se creo el Contrato 29','CONTRATO'),('22/05/2017 - 16:0',1,'Se creo el Contrato 30','CONTRATO'),('22/05/2017 - 16:3',1,'Se creo el Contrato 31','CONTRATO'),('22/05/2017 - 16:4',1,'Se creo el Contrato 32','CONTRATO'),('22/05/2017 - 16:6',1,'Se creo el Contrato 33','CONTRATO'),('22/05/2017 - 16:16',1,'Se registro el cobro de la cuota 1 del contrato 33 por $10281.0','MOVIMIENTO'),('22/05/2017 - 16:30',1,'Se creo el Contrato 34','CONTRATO'),('22/05/2017 - 16:31',1,'Se registro el pago de la cuota 1 del contrato 33','MOVIMIENTO');
/*!40000 ALTER TABLE `eventos` ENABLE KEYS */;
UNLOCK TABLES;

--
-- Table structure for table `impuesto`
--

DROP TABLE IF EXISTS `impuesto`;
/*!40101 SET @saved_cs_client     = @@character_set_client */;
/*!40101 SET character_set_client = utf8 */;
CREATE TABLE `impuesto` (
  `idImpuesto` int(5) NOT NULL,
  `idDescripcion` int(5) NOT NULL,
  `valorImp` double(10,2) NOT NULL
) ENGINE=InnoDB DEFAULT CHARSET=latin1;
/*!40101 SET character_set_client = @saved_cs_client */;

--
-- Dumping data for table `impuesto`
--

LOCK TABLES `impuesto` WRITE;
/*!40000 ALTER TABLE `impuesto` DISABLE KEYS */;
INSERT INTO `impuesto` VALUES (2,1,117.00),(4,7,350.00),(5,4,722.00),(7,5,66.00),(8,10,157.00),(9,1,150.00),(10,8,50.00),(11,6,221.00),(12,9,14.92),(13,1,15.08),(14,2,30.00),(18,8,230.00),(19,3,879.00),(20,7,350.00),(23,1,320.00),(24,1,500.00),(25,1,150.00),(26,4,200.00),(27,1,555.00),(29,3,1244.00),(30,2,255.00),(31,1,100.00),(32,2,150.00),(33,8,124.00),(34,3,200.00),(35,4,244.00),(36,6,650.00),(37,5,86.00),(38,9,350.00),(39,7,120.00),(40,11,101.00),(41,3,1250.00),(43,4,544.00),(44,3,2430.00),(45,1,150.00),(46,7,1500.00),(47,1,120.00);
/*!40000 ALTER TABLE `impuesto` ENABLE KEYS */;
UNLOCK TABLES;

--
-- Table structure for table `impuestoasociados`
--

DROP TABLE IF EXISTS `impuestoasociados`;
/*!40101 SET @saved_cs_client     = @@character_set_client */;
/*!40101 SET character_set_client = utf8 */;
CREATE TABLE `impuestoasociados` (
  `idContrato` int(5) NOT NULL,
  `idDescripcion` int(5) NOT NULL,
  `titularImp` varchar(30) NOT NULL
) ENGINE=InnoDB DEFAULT CHARSET=latin1;
/*!40101 SET character_set_client = @saved_cs_client */;

--
-- Dumping data for table `impuestoasociados`
--

LOCK TABLES `impuestoasociados` WRITE;
/*!40000 ALTER TABLE `impuestoasociados` DISABLE KEYS */;
INSERT INTO `impuestoasociados` VALUES (10,1,'SADASD'),(10,2,' ASD'),(10,3,' DD'),(10,12,''),(11,1,' AAA'),(11,2,' AAA'),(11,3,'222 '),(11,12,''),(12,1,'HOLA'),(14,1,'hola'),(14,12,'chau'),(20,1,' hola'),(20,12,'chau '),(2,1,'Fernando'),(2,2,'Agu'),(2,3,'Nahuel');
/*!40000 ALTER TABLE `impuestoasociados` ENABLE KEYS */;
UNLOCK TABLES;

--
-- Table structure for table `inmueble`
--

DROP TABLE IF EXISTS `inmueble`;
/*!40101 SET @saved_cs_client     = @@character_set_client */;
/*!40101 SET character_set_client = utf8 */;
CREATE TABLE `inmueble` (
  `idInmueble` int(5) NOT NULL AUTO_INCREMENT,
  `idPropietario` int(5) NOT NULL,
  `calle` varchar(50) NOT NULL,
  `piso` varchar(15) DEFAULT NULL,
  `dpto` varchar(2) NOT NULL,
  `localidad` varchar(50) NOT NULL,
  `estado` varchar(20) NOT NULL,
  `tipo` varchar(20) NOT NULL,
  `folio` varchar(50) NOT NULL,
  `folioReal` varchar(50) NOT NULL,
  `tomo` int(10) DEFAULT NULL,
  `fechaInscripcion` varchar(10) NOT NULL,
  `provincia` varchar(50) NOT NULL,
  PRIMARY KEY (`idInmueble`)
) ENGINE=InnoDB AUTO_INCREMENT=18 DEFAULT CHARSET=latin1;
/*!40101 SET character_set_client = @saved_cs_client */;

--
-- Dumping data for table `inmueble`
--

LOCK TABLES `inmueble` WRITE;
/*!40000 ALTER TABLE `inmueble` DISABLE KEYS */;
INSERT INTO `inmueble` VALUES (1,8,'Godoy 11','','','Tostado','Ocupado','Crack','1','1',0,'1/0/1992','Santa Fe'),(2,7,'Moreno 2447','','','Tostado','Disponible','Casa','1','1',0,'1/7/2010','Santa Fe'),(3,8,'1 de Mayo 1685','','','Tostado','Ocupado','Casa','1','1',0,'15/4/1980','Santa Fe'),(4,7,'Guemes 3045','','','Santa Fe','Disponible','casa','1','1',0,'1/5/2017','Santa Fe'),(5,7,'San Martin1865','10','E','Tostado','Ocupado','Departamento','0','0',0,'','Santa Fe'),(9,7,'San Martin1875','','','Tostado','Ocupado','','0','0',0,'','Santa Fe'),(10,5,'Junin1552','3','E','Tostado','Disponible','Casa','0','0',0,'','Santa Fe'),(11,19,'CasiGol0001','','','Tostado','Ocupado','Casa','0','0',0,'','Santa Fe'),(12,8,'Prueba1500','','','Tostado','Disponible','Departamento','0','0',0,'','Santa Fe'),(13,21,'Guemes3045','','','Santa Fe','Disponible','Casa','0','0',0,'15/0/2017','Santa Fe'),(14,5,'Avenida Siempre Viva123','','','Tostado','Ocupado','Casa','0','0',0,'','Santa Fe'),(15,19,'Laprida 1552','','','Tostado','Disponible','','0','0',0,'','Santa Fe'),(16,33,'San Martin1878','10','E','Tostado','Ocupado','Departamento','1428/19','2330',0,'4/6/2017','Santa Fe'),(17,33,'Sarmiento 1500','','','Tostado','Ocupado','','','0',0,'','Santa Fe');
/*!40000 ALTER TABLE `inmueble` ENABLE KEYS */;
UNLOCK TABLES;

--
-- Table structure for table `movimientos`
--

DROP TABLE IF EXISTS `movimientos`;
/*!40101 SET @saved_cs_client     = @@character_set_client */;
/*!40101 SET character_set_client = utf8 */;
CREATE TABLE `movimientos` (
  `recibo` int(10) unsigned zerofill NOT NULL AUTO_INCREMENT,
  `tipoMov` char(1) NOT NULL,
  `valorMov` double(10,2) NOT NULL,
  `fecha` varchar(50) NOT NULL,
  `honorariosCobrados` double(10,2) NOT NULL,
  `idContrato` int(5) NOT NULL,
  `nroCuota` int(10) NOT NULL,
  PRIMARY KEY (`recibo`)
) ENGINE=InnoDB AUTO_INCREMENT=78 DEFAULT CHARSET=latin1;
/*!40101 SET character_set_client = @saved_cs_client */;

--
-- Dumping data for table `movimientos`
--

LOCK TABLES `movimientos` WRITE;
/*!40000 ALTER TABLE `movimientos` DISABLE KEYS */;
INSERT INTO `movimientos` VALUES (0000000001,'I',2100.00,'31/6/2017',0.00,2,1),(0000000002,'I',2000.00,'31/5/2015',0.00,2,1),(0000000003,'I',600.00,'31/5/2017',0.00,2,2),(0000000004,'I',2000.00,'31/5/2017',0.00,2,2),(0000000005,'I',200.00,'31/5/2017',0.00,2,3),(0000000006,'I',600.00,'31/5/2017',0.00,3,1),(0000000007,'I',1500.00,'31/5/2017',0.00,4,1),(0000000008,'I',500.00,'31/5/2017',0.00,4,1),(0000000009,'I',1000.00,'31/5/2017',0.00,4,1),(0000000010,'I',2580.00,'31/5/2017',0.00,4,2),(0000000011,'I',3144.90,'31/5/2017',0.00,7,1),(0000000012,'E',3720.50,'31/5/2017',123.00,12,1),(0000000013,'E',1700.00,'31/5/2017 ',100.00,2,1),(0000000014,'I',4000.00,'1/6/2017',0.00,7,2),(0000000015,'I',1000.00,'2/6/2017',0.00,5,1),(0000000016,'I',3405.00,'2/6/2017',0.00,8,1),(0000000017,'I',1250.00,'2/6/2017',0.00,6,1),(0000000018,'I',1250.00,'2/6/2017',0.00,6,2),(0000000019,'I',4850.00,'5/6/2017',0.00,11,1),(0000000020,'I',8124.00,'5/6/2017',0.00,11,2),(0000000021,'E',2035.00,'5/6/2017',115.00,7,1),(0000000022,'E',2035.00,'5/6/2017',115.00,7,1),(0000000023,'E',1425.00,'5/6/2017',75.00,20,1),(0000000024,'E',1140.00,'5/6/2017',60.00,15,1),(0000000025,'E',950.00,'5/6/2017',50.00,5,1),(0000000026,'E',950.00,'5/6/2017',50.00,5,2),(0000000027,'I',1222.00,'6/6/2017',0.00,17,1),(0000000028,'E',1160.90,'6/6/2017',61.10,17,1),(0000000029,'I',2580.00,'6/6/2017',0.00,4,3),(0000000030,'I',2580.00,'6/6/2017',0.00,4,4),(0000000031,'I',2580.00,'6/6/2017',0.00,4,5),(0000000032,'I',2580.00,'6/6/2017',0.00,4,6),(0000000033,'I',2580.00,'6/6/2017',0.00,4,7),(0000000034,'I',2580.00,'6/6/2017',0.00,4,8),(0000000035,'I',2580.00,'6/6/2017',0.00,4,9),(0000000036,'I',2580.00,'6/6/2017',0.00,4,10),(0000000037,'I',2580.00,'6/6/2017',0.00,4,11),(0000000038,'I',2580.00,'6/6/2017',0.00,4,12),(0000000039,'I',6000.00,'8/6/2017',0.00,18,1),(0000000040,'E',5700.00,'8/6/2017',300.00,18,1),(0000000041,'I',1500.00,'8/6/2017',0.00,8,2),(0000000042,'I',1000.00,'8/6/2017',0.00,6,3),(0000000043,'I',2300.00,'8/6/2017',0.00,7,3),(0000000044,'I',1000.00,'8/6/2017',0.00,6,4),(0000000045,'I',1000.00,'8/6/2017',0.00,6,4),(0000000046,'I',1000.00,'8/6/2017',0.00,6,4),(0000000047,'I',1000.00,'8/6/2017',0.00,6,4),(0000000048,'I',1000.00,'8/6/2017',0.00,6,4),(0000000049,'I',1000.00,'8/6/2017',0.00,6,4),(0000000050,'I',1000.00,'8/6/2017',0.00,6,5),(0000000051,'I',1400.00,'12/6/2017',0.00,10,1),(0000000052,'I',3500.00,'12/6/2017',0.00,23,1),(0000000053,'E',1425.00,'12/6/2017',75.00,23,1),(0000000054,'E',1425.00,'12/6/2017',75.00,23,2),(0000000055,'I',1229.33,'12/6/2017',0.00,19,1),(0000000056,'E',1160.90,'12/6/2017',61.10,19,1),(0000000057,'E',1160.90,'12/6/2017',61.10,19,2),(0000000058,'E',950.00,'12/6/2017',50.00,24,1),(0000000059,'E',950.00,'12/6/2017',50.00,24,2),(0000000060,'E',950.00,'12/6/2017',50.00,24,3),(0000000061,'E',1425.00,'12/6/2017',75.00,24,4),(0000000062,'I',4982.04,'13/6/2017',0.00,22,1),(0000000063,'E',1140.00,'13/6/2017',60.00,10,1),(0000000064,'E',1140.00,'13/6/2017',60.00,10,2),(0000000065,'I',1000.00,'14/6/2017',0.00,10,2),(0000000066,'I',1000.00,'14/6/2017',0.00,6,6),(0000000067,'E',950.00,'14/6/2017',50.00,6,1),(0000000068,'I',4575.24,'14/6/2017',0.00,22,2),(0000000069,'I',1000.00,'15/6/2017',0.00,6,7),(0000000070,'I',1500.00,'15/6/2017',0.00,8,3),(0000000071,'I',1000.00,'15/6/2017',0.00,6,8),(0000000072,'I',1000.00,'15/6/2017',0.00,6,9),(0000000073,'I',1000.00,'15/6/2017',0.00,6,10),(0000000074,'I',2300.00,'15/6/2017',0.00,7,4),(0000000075,'I',1000.00,'15/6/2017',0.00,6,11),(0000000076,'I',10281.00,'22/6/2017',0.00,33,1),(0000000077,'E',4750.00,'22/6/2017',250.00,33,1);
/*!40000 ALTER TABLE `movimientos` ENABLE KEYS */;
UNLOCK TABLES;

--
-- Table structure for table `pagopropietario`
--

DROP TABLE IF EXISTS `pagopropietario`;
/*!40101 SET @saved_cs_client     = @@character_set_client */;
/*!40101 SET character_set_client = utf8 */;
CREATE TABLE `pagopropietario` (
  `periodo` int(20) NOT NULL,
  `totalPagado` double(10,2) NOT NULL,
  `idContrato` int(5) NOT NULL
) ENGINE=InnoDB DEFAULT CHARSET=latin1;
/*!40101 SET character_set_client = @saved_cs_client */;

--
-- Dumping data for table `pagopropietario`
--

LOCK TABLES `pagopropietario` WRITE;
/*!40000 ALTER TABLE `pagopropietario` DISABLE KEYS */;
INSERT INTO `pagopropietario` VALUES (1,1700.00,2),(1,2035.00,7),(1,1140.00,15),(1,950.00,5),(2,950.00,5),(1,1160.90,17),(1,5700.00,18),(1,1425.00,23),(2,1425.00,23),(1,1160.90,19),(2,1160.90,19),(1,950.00,24),(2,950.00,24),(3,950.00,24),(4,1425.00,24),(1,1140.00,10),(2,1140.00,10),(1,950.00,6),(1,4750.00,33);
/*!40000 ALTER TABLE `pagopropietario` ENABLE KEYS */;
UNLOCK TABLES;

--
-- Table structure for table `usuarios`
--

DROP TABLE IF EXISTS `usuarios`;
/*!40101 SET @saved_cs_client     = @@character_set_client */;
/*!40101 SET character_set_client = utf8 */;
CREATE TABLE `usuarios` (
  `idUsuario` int(5) NOT NULL AUTO_INCREMENT,
  `usuario` varchar(30) NOT NULL,
  `clave` varchar(30) NOT NULL,
  `tipo` enum('ADMINISTRADOR','EMPLEADO') NOT NULL,
  `habilitado` tinyint(1) NOT NULL DEFAULT '1',
  PRIMARY KEY (`idUsuario`)
) ENGINE=InnoDB AUTO_INCREMENT=8 DEFAULT CHARSET=latin1;
/*!40101 SET character_set_client = @saved_cs_client */;

--
-- Dumping data for table `usuarios`
--

LOCK TABLES `usuarios` WRITE;
/*!40000 ALTER TABLE `usuarios` DISABLE KEYS */;
INSERT INTO `usuarios` VALUES (1,'ADMIN','tate','ADMINISTRADOR',1),(5,'NAHUEL','nahuel1234','EMPLEADO',1),(6,'AGUSTIN','union','EMPLEADO',1),(7,'HERNAN','hernan','EMPLEADO',1);
/*!40000 ALTER TABLE `usuarios` ENABLE KEYS */;
UNLOCK TABLES;
/*!40103 SET TIME_ZONE=@OLD_TIME_ZONE */;

/*!40101 SET SQL_MODE=@OLD_SQL_MODE */;
/*!40014 SET FOREIGN_KEY_CHECKS=@OLD_FOREIGN_KEY_CHECKS */;
/*!40014 SET UNIQUE_CHECKS=@OLD_UNIQUE_CHECKS */;
/*!40101 SET CHARACTER_SET_CLIENT=@OLD_CHARACTER_SET_CLIENT */;
/*!40101 SET CHARACTER_SET_RESULTS=@OLD_CHARACTER_SET_RESULTS */;
/*!40101 SET COLLATION_CONNECTION=@OLD_COLLATION_CONNECTION */;
/*!40111 SET SQL_NOTES=@OLD_SQL_NOTES */;

-- Dump completed on 2017-06-22 19:07:31
